{"vocabulary":{"98":{"docCount":1,"idf":2.0986122886681096},"99":{"docCount":1,"idf":2.0986122886681096},"1266":{"docCount":1,"idf":2.0986122886681096},"stage":{"docCount":4,"idf":1.1823215567939547},"review":{"docCount":5,"idf":1},"insights":{"docCount":4,"idf":1.1823215567939547},"kind":{"docCount":4,"idf":1.1823215567939547},"lesson":{"docCount":4,"idf":1.1823215567939547},"text":{"docCount":4,"idf":1.1823215567939547},"add":{"docCount":1,"idf":2.0986122886681096},"comment":{"docCount":4,"idf":1.1823215567939547},"whenever":{"docCount":1,"idf":2.0986122886681096},"role":{"docCount":3,"idf":1.4054651081081644},"intentionally":{"docCount":3,"idf":1.4054651081081644},"excluded":{"docCount":4,"idf":1.1823215567939547},"access":{"docCount":5,"idf":1},"check":{"docCount":1,"idf":2.0986122886681096},"makes":{"docCount":1,"idf":2.0986122886681096},"design":{"docCount":4,"idf":1.1823215567939547},"rationale":{"docCount":3,"idf":1.4054651081081644},"explicit":{"docCount":1,"idf":2.0986122886681096},"saves":{"docCount":1,"idf":2.0986122886681096},"future":{"docCount":2,"idf":1.6931471805599454},"readers":{"docCount":2,"idf":1.6931471805599454},"questioning":{"docCount":1,"idf":2.0986122886681096},"exclusion":{"docCount":3,"idf":1.4054651081081644},"scope":{"docCount":4,"idf":1.1823215567939547},"auth":{"docCount":2,"idf":1.6931471805599454},"payload":{"docCount":3,"idf":1.4054651081081644},"control":{"docCount":2,"idf":1.6931471805599454},"convention":{"docCount":3,"idf":1.4054651081081644},"advancedcontenteditor":{"docCount":5,"idf":1},"exercise":{"docCount":2,"idf":1.6931471805599454},"editor":{"docCount":2,"idf":1.6931471805599454},"manages":{"docCount":1,"idf":2.0986122886681096},"exercises":{"docCount":1,"idf":2.0986122886681096},"distinct":{"docCount":1,"idf":2.0986122886681096},"course":{"docCount":3,"idf":1.4054651081081644},"manager":{"docCount":2,"idf":1.6931471805599454},"roles":{"docCount":1,"idf":2.0986122886681096},"not":{"docCount":3,"idf":1.4054651081081644},"level":{"docCount":1,"idf":2.0986122886681096},"read":{"docCount":5,"idf":1},"lms":{"docCount":4,"idf":1.1823215567939547},"model":{"docCount":1,"idf":2.0986122886681096},"fix":{"docCount":2,"idf":1.6931471805599454},"decision":{"docCount":2,"idf":1.6931471805599454},"adding":{"docCount":1,"idf":2.0986122886681096},"clarifying":{"docCount":3,"idf":1.4054651081081644},"valid":{"docCount":1,"idf":2.0986122886681096},"behavior":{"docCount":1,"idf":2.0986122886681096},"correct":{"docCount":1,"idf":2.0986122886681096},"self":{"docCount":1,"idf":2.0986122886681096},"explanatory":{"docCount":1,"idf":2.0986122886681096},"code":{"docCount":2,"idf":1.6931471805599454},"gotcha":{"docCount":3,"idf":1.4054651081081644},"instructor":{"docCount":3,"idf":1.4054651081081644},"list":{"docCount":1,"idf":2.0986122886681096},"permissions":{"docCount":3,"idf":1.4054651081081644},"fixing":{"docCount":1,"idf":2.0986122886681096},"feedback":{"docCount":1,"idf":2.0986122886681096},"prefer":{"docCount":1,"idf":2.0986122886681096},"minimal":{"docCount":1,"idf":2.0986122886681096},"appropriate":{"docCount":1,"idf":2.0986122886681096},"solution":{"docCount":1,"idf":2.0986122886681096},"rather":{"docCount":2,"idf":1.6931471805599454},"than":{"docCount":2,"idf":1.6931471805599454},"over":{"docCount":1,"idf":2.0986122886681096},"engineering":{"docCount":1,"idf":2.0986122886681096},"pr":{"docCount":2,"idf":1.6931471805599454},"workflow":{"docCount":1,"idf":2.0986122886681096},"surprising":{"docCount":1,"idf":2.0986122886681096},"exclusions":{"docCount":2,"idf":1.6931471805599454},"like":{"docCount":1,"idf":2.0986122886681096},"include":{"docCount":1,"idf":2.0986122886681096},"site":{"docCount":1,"idf":2.0986122886681096},"explaining":{"docCount":3,"idf":1.4054651081081644},"just":{"docCount":1,"idf":2.0986122886681096},"intent":{"docCount":1,"idf":2.0986122886681096},"multi":{"docCount":1,"idf":2.0986122886681096},"pass":{"docCount":2,"idf":1.6931471805599454},"structured":{"docCount":2,"idf":1.6931471805599454},"cri":{"docCount":1,"idf":2.0986122886681096},"triage":{"docCount":1,"idf":2.0986122886681096},"detail":{"docCount":1,"idf":2.0986122886681096},"crii":{"docCount":1,"idf":2.0986122886681096},"context":{"docCount":1,"idf":2.0986122886681096},"criii":{"docCount":1,"idf":2.0986122886681096},"holistic":{"docCount":1,"idf":2.0986122886681096},"catches":{"docCount":1,"idf":2.0986122886681096},"both":{"docCount":1,"idf":2.0986122886681096},"correctness":{"docCount":1,"idf":2.0986122886681096},"issues":{"docCount":1,"idf":2.0986122886681096},"gaps":{"docCount":1,"idf":2.0986122886681096},"single":{"docCount":1,"idf":2.0986122886681096},"reviews":{"docCount":1,"idf":2.0986122886681096},"miss":{"docCount":1,"idf":2.0986122886681096},"without":{"docCount":1,"idf":2.0986122886681096},"inline":{"docCount":1,"idf":2.0986122886681096},"itself":{"docCount":1,"idf":2.0986122886681096},"reviewers":{"docCount":1,"idf":2.0986122886681096},"cannot":{"docCount":1,"idf":2.0986122886681096},"distinguish":{"docCount":1,"idf":2.0986122886681096},"intentional":{"docCount":2,"idf":1.6931471805599454},"accidental":{"docCount":1,"idf":2.0986122886681096},"omission":{"docCount":1,"idf":2.0986122886681096},"always":{"docCount":1,"idf":2.0986122886681096},"point":{"docCount":1,"idf":2.0986122886681096},"now":{"docCount":1,"idf":2.0986122886681096},"complete":{"docCount":1,"idf":2.0986122886681096},"picture":{"docCount":1,"idf":2.0986122886681096},"here":{"docCount":1,"idf":2.0986122886681096},"verdict":{"docCount":1,"idf":2.0986122886681096},"summary":{"docCount":1,"idf":2.0986122886681096},"implements":{"docCount":1,"idf":2.0986122886681096},"per":{"docCount":1,"idf":2.0986122886681096},"primary":{"docCount":1,"idf":2.0986122886681096},"change":{"docCount":1,"idf":2.0986122886681096},"courseinstructors":{"docCount":2,"idf":1.6931471805599454},"ts":{"docCount":2,"idf":1.6931471805599454},"lines":{"docCount":1,"idf":2.0986122886681096},"resolving":{"docCount":1,"idf":2.0986122886681096},"sole":{"docCount":1,"idf":2.0986122886681096},"open":{"docCount":1,"idf":2.0986122886681096},"item":{"docCount":1,"idf":2.0986122886681096},"previous":{"docCount":1,"idf":2.0986122886681096},"kody":{"docCount":1,"idf":2.0986122886681096},"supporting":{"docCount":1,"idf":2.0986122886681096},"infrastructure":{"docCount":1,"idf":2.0986122886681096},"includes":{"docCount":1,"idf":2.0986122886681096},"collection":{"docCount":2,"idf":1.6931471805599454},"instructoraccess":{"docCount":2,"idf":1.6931471805599454},"helpers":{"docCount":1,"idf":2.0986122886681096},"api":{"docCount":1,"idf":2.0986122886681096},"gradebook":{"docCount":1,"idf":2.0986122886681096},"courseid":{"docCount":1,"idf":2.0986122886681096},"endpoint":{"docCount":1,"idf":2.0986122886681096},"findings":{"docCount":1,"idf":2.0986122886681096},"critical":{"docCount":1,"idf":2.0986122886681096},"none":{"docCount":1,"idf":2.0986122886681096},"major":{"docCount":1,"idf":2.0986122886681096},"minor":{"docCount":1,"idf":2.0986122886681096},"previously":{"docCount":1,"idf":2.0986122886681096},"flagged":{"docCount":1,"idf":2.0986122886681096},"missing":{"docCount":1,"idf":2.0986122886681096},"resolved":{"docCount":1,"idf":2.0986122886681096},"two":{"docCount":1,"idf":2.0986122886681096},"sql":{"docCount":1,"idf":2.0986122886681096},"data":{"docCount":1,"idf":2.0986122886681096},"safety":{"docCount":1,"idf":2.0986122886681096},"queries":{"docCount":1,"idf":2.0986122886681096},"use":{"docCount":1,"idf":2.0986122886681096},"parameterized":{"docCount":1,"idf":2.0986122886681096},"clauses":{"docCount":1,"idf":2.0986122886681096},"equals":{"docCount":1,"idf":2.0986122886681096},"operators":{"docCount":1,"idf":2.0986122886681096},"no":{"docCount":1,"idf":2.0986122886681096},"string":{"docCount":1,"idf":2.0986122886681096},"interpolation":{"docCount":1,"idf":2.0986122886681096},"route":{"docCount":1,"idf":2.0986122886681096},"uses":{"docCount":2,"idf":1.6931471805599454},"enrolledusers":{"docCount":1,