{"vocabulary":{"stage":{"docCount":3,"idf":1},"build":{"docCount":1,"idf":1.6931471805599454},"insights":{"docCount":3,"idf":1},"kind":{"docCount":3,"idf":1},"gotcha":{"docCount":3,"idf":1},"text":{"docCount":3,"idf":1},"mongooseadapter":{"docCount":2,"idf":1.2876820724517808},"pool":{"docCount":3,"idf":1},"stats":{"docCount":3,"idf":1},"accessed":{"docCount":1,"idf":1.6931471805599454},"via":{"docCount":2,"idf":1.2876820724517808},"mongoose":{"docCount":1,"idf":1.6931471805599454},"connection":{"docCount":2,"idf":1.2876820724517808},"adapter":{"docCount":1,"idf":1.6931471805599454},"not":{"docCount":2,"idf":1.2876820724517808},"directly":{"docCount":1,"idf":1.6931471805599454},"object":{"docCount":1,"idf":1.6931471805599454},"scope":{"docCount":3,"idf":1},"mongodb":{"docCount":2,"idf":1.2876820724517808},"monitoring":{"docCount":3,"idf":1},"convention":{"docCount":2,"idf":1.2876820724517808},"database":{"docCount":1,"idf":1.6931471805599454},"infrastructure":{"docCount":2,"idf":1.2876820724517808},"code":{"docCount":1,"idf":1.6931471805599454},"lives":{"docCount":1,"idf":1.6931471805599454},"src":{"docCount":3,"idf":1},"infra":{"docCount":2,"idf":1.2876820724517808},"db":{"docCount":2,"idf":1.2876820724517808},"directory":{"docCount":2,"idf":1.2876820724517808},"project":{"docCount":1,"idf":1.6931471805599454},"structure":{"docCount":2,"idf":1.2876820724517808},"decision":{"docCount":2,"idf":1.2876820724517808},"used":{"docCount":1,"idf":1.6931471805599454},"afteropenconnection":{"docCount":2,"idf":1.2876820724517808},"callback":{"docCount":2,"idf":1.2876820724517808},"payload":{"docCount":3,"idf":1},"string":{"docCount":1,"idf":1.6931471805599454},"options":{"docCount":1,"idf":1.6931471805599454},"hook":{"docCount":1,"idf":1.6931471805599454},"into":{"docCount":1,"idf":1.6931471805599454},"lifecycle":{"docCount":2,"idf":1.2876820724517808},"cms":{"docCount":2,"idf":1.2876820724517808},"config":{"docCount":3,"idf":1},"lesson":{"docCount":3,"idf":1},"size":{"docCount":1,"idf":1.6931471805599454},"max":{"docCount":1,"idf":1.6931471805599454},"available":{"docCount":1,"idf":1.6931471805599454},"inuse":{"docCount":1,"idf":1.6931471805599454},"waitqueues":{"docCount":1,"idf":1.6931471805599454},"review":{"docCount":2,"idf":1.2876820724517808},"collections":{"docCount":1,"idf":1.6931471805599454},"removed":{"docCount":2,"idf":1.2876820724517808},"stale":{"docCount":2,"idf":1.2876820724517808},"comments":{"docCount":2,"idf":1.2876820724517808},"referencing":{"docCount":2,"idf":1.2876820724517808},"remain":{"docCount":1,"idf":1.6931471805599454},"always":{"docCount":1,"idf":1.6931471805599454},"audit":{"docCount":1,"idf":1.6931471805599454},"remove":{"docCount":1,"idf":1.6931471805599454},"outdated":{"docCount":1,"idf":1.6931471805599454},"cleaning":{"docCount":1,"idf":1.6931471805599454},"up":{"docCount":1,"idf":1.6931471805599454},"ts":{"docCount":2,"idf":1.2876820724517808},"returning":{"docCount":1,"idf":1.6931471805599454},"zeros":{"docCount":1,"idf":1.6931471805599454},"indicates":{"docCount":1,"idf":1.6931471805599454},"implementation":{"docCount":1,"idf":1.6931471805599454},"capturing":{"docCount":1,"idf":1.6931471805599454},"correctly":{"docCount":1,"idf":1.6931471805599454},"verify":{"docCount":1,"idf":1.6931471805599454},"health":{"docCount":1,"idf":1.6931471805599454},"endpoint":{"docCount":1,"idf":1.6931471805599454},"actually":{"docCount":1,"idf":1.6931471805599454},"reflects":{"docCount":1,"idf":1.6931471805599454},"live":{"docCount":1,"idf":1.6931471805599454},"state":{"docCount":2,"idf":1.2876820724517808},"just":{"docCount":1,"idf":1.6931471805599454},"initialized":{"docCount":1,"idf":1.6931471805599454},"app":{"docCount":1,"idf":1.6931471805599454},"api":{"docCount":1,"idf":1.6931471805599454},"route":{"docCount":1,"idf":1.6931471805599454},"fix":{"docCount":1,"idf":1.6931471805599454},"exposes":{"docCount":1,"idf":1.6931471805599454},"logging":{"docCount":1,"idf":1.6931471805599454},"types":{"docCount":1,"idf":1.6931471805599454},"payloadmcpapikey":{"docCount":1,"idf":1.6931471805599454},"left":{"docCount":1,"idf":1.6931471805599454},"behind":{"docCount":1,"idf":1.6931471805599454},"after":{"docCount":1,"idf":1.6931471805599454},"cleanup":{"docCount":1,"idf":1.6931471805599454},"keep":{"docCount":1,"idf":1.6931471805599454},"sync":{"docCount":1,"idf":1.6931471805599454},"removing":{"docCount":1,"idf":1.6931471805599454},"utilities":{"docCount":1,"idf":1.6931471805599454},"belong":{"docCount":1,"idf":1.6931471805599454},"following":{"docCount":1,"idf":1.6931471805599454},"existing":{"docCount":1,"idf":1.6931471805599454},"already":{"docCount":1,"idf":1.6931471805599454},"use":{"docCount":1,"idf":1.6931471805599454},"built":{"docCount":1,"idf":1.6931471805599454},"interface":{"docCount":1,"idf":1.6931471805599454},"rather":{"docCount":1,"idf":1.6931471805599454},"than":{"docCount":1,"idf":1.6931471805599454},"wrapping":{"docCount":1,"idf":1.6931471805599454},"custom":{"docCount":1,"idf":1.6931471805599454}},"documents":{"ep_stage_diary_001":{"taskId":"1269-260417-150933","episodeId":"ep_stage_diary_001","source":"stage_diary","content":"{\"stage\":\"build\",\"insights\":[{\"kind\":\"gotcha\",\"text\":\"MongooseAdapter pool stats are accessed via `mongoose.connection.adapter` not directly on the connection object\",\"scope\":\"MongoDB/Pool monitoring\"},{\"kind\":\"convention\",\"text\":\"Database infrastructure code lives in `src/infra/db/` directory\",\"scope\":\"Project structure\"},{\"kind\":\"decision\",\"text\":\"Used `afterOpenConnection` callback in Payload connection string options to hook into connection lifecycle\",\"scope\":\"Payload CMS config\"},{\"kind\":\"lesson\",\"text\":\"Pool stats structure: `pool.size` (max), `pool.available`, `pool.inUse`, `pool.waitQueues` on MongooseAdapter\",\"scope\":\"MongoDB/Pool monitoring\"}]}","createdAt":"2026-04-17T15:32:48.825Z","wordCount":662,"positions":[2,10,18,31,38,47,54,70,75,85,94,99,108,119,128,132,148,159,168,176,184,189,204,211,224,231,240,255,260,270,274,280,285,297,305,313,327,334,345,352,358,379,391,399,410,417,428,433,438,449,461,469,477,481,492,499,508,515,520,526,538,543,550,557,562,575,580,589,594,609,627,635,643,648]},"ep_stage_diary_002":{"taskId":"1269-260417-150933","episodeId":"ep_stage_diary_002","source":"stage_diary","content":"{\"stage\":\"review\",\"insights\":[{\"kind\":\"lesson\",\"text\":\"When collections are removed from Payload config, stale comments referencing them can remain. Always audit and remove outdated comments when cleaning up collections.\",\"scope\":\"src/payload.config.ts\"},{\"kind\":\"gotcha\",\"text\":\"Pool stats returning all zeros indicates the monitoring implementation may not be capturing stats correctly - verify the health endpoint actually reflects live pool state, not just initialized zeros.\",\"scope\":\"src/app/api/health/route.ts\"}]}","createdAt":"2026-04-17T15:39:00.277Z","wordCount":521,"positions":[2,10,19,32,39,48,60,76,89,97,105,111,120,141,149,156,166,173,182,196,205,208,223,231,235,243,250,257,264,273,280,285,291,305,311,325,336,355,362,372,378,390,401,408,417,426,435,440,445,452,456,461,473,482,490,494,498,502,509,515]},"ep_stage_diary_003":{"taskId":"1269-260417-150933","episodeId":"ep_stage_diary_003","source":"stage_diary",